{
  "label": "baseline",
  "timestamp_utc": "2026-02-20T00:52:15Z",
  "environment": {
    "platform": "macOS-26.3-arm64-arm-64bit",
    "python_version": "3.12.11",
    "processor": "arm",
    "loop_commit": "9c0d303ad1deed04668f585178056e02ab4fb249",
    "cwd": "/Users/rand/src/loop/rlm-core/python"
  },
  "config": {
    "startup_iters": 15,
    "exec_iters": 80,
    "submit_iters": 80,
    "batch_iters": 80,
    "batch_size": 8
  },
  "metrics": {
    "startup_latency_ms": {
      "count": 15,
      "min_ms": 93.2634170021629,
      "max_ms": 146.09404200018616,
      "mean_ms": 100.64928906673838,
      "p50_ms": 97.50829199765576,
      "p95_ms": 116.23787509925019
    },
    "execute_latency_no_submit_ms": {
      "count": 80,
      "min_ms": 0.04441700002644211,
      "max_ms": 0.23295899882214144,
      "mean_ms": 0.0591874625570199,
      "p50_ms": 0.04843749957217369,
      "p95_ms": 0.12292464925849343
    },
    "execute_latency_with_submit_ms": {
      "count": 80,
      "min_ms": 0.05016599970986135,
      "max_ms": 0.445624998974381,
      "mean_ms": 0.07884844994805462,
      "p50_ms": 0.06429150198528077,
      "p95_ms": 0.13237769835541252
    },
    "batch": {
      "cycle_latency_ms": {
        "count": 80,
        "min_ms": 0.12591600170708261,
        "max_ms": 0.5290829976729583,
        "mean_ms": 0.19513692482178158,
        "p50_ms": 0.1767705016391119,
        "p95_ms": 0.32875174802029505
      },
      "successful_cycles": 80,
      "total_cycles": 80,
      "error_count": 0,
      "error_rate": 0.0,
      "batch_size": 8,
      "throughput_ops_per_sec": 5124.606739156617
    }
  }
}