{
  "label": "candidate",
  "timestamp_utc": "2026-02-20T00:36:43Z",
  "environment": {
    "platform": "macOS-26.3-arm64-arm-64bit",
    "python_version": "3.12.11",
    "processor": "arm",
    "loop_commit": "c532f23508ba9cea137bca2313027fa90431741e",
    "cwd": "/Users/rand/src/loop/rlm-core/python"
  },
  "config": {
    "startup_iters": 15,
    "exec_iters": 80,
    "submit_iters": 80,
    "batch_iters": 80,
    "batch_size": 8
  },
  "metrics": {
    "startup_latency_ms": {
      "count": 15,
      "min_ms": 93.56983299949206,
      "max_ms": 104.75816699909046,
      "mean_ms": 97.47224720025163,
      "p50_ms": 98.03337500125053,
      "p95_ms": 102.36685010095243
    },
    "execute_latency_no_submit_ms": {
      "count": 80,
      "min_ms": 0.04537499989964999,
      "max_ms": 0.21245800235192291,
      "mean_ms": 0.0696906628945726,
      "p50_ms": 0.0592084998061182,
      "p95_ms": 0.12127289737691167
    },
    "execute_latency_with_submit_ms": {
      "count": 80,
      "min_ms": 0.04879200059804134,
      "max_ms": 0.234875002206536,
      "mean_ms": 0.07721918746028678,
      "p50_ms": 0.06297900108620524,
      "p95_ms": 0.14888749974488735
    },
    "batch": {
      "cycle_latency_ms": {
        "count": 80,
        "min_ms": 0.1119579974329099,
        "max_ms": 0.34137499824282713,
        "mean_ms": 0.16583644983256818,
        "p50_ms": 0.14129150076769292,
        "p95_ms": 0.2726833503402304
      },
      "successful_cycles": 80,
      "total_cycles": 80,
      "error_count": 0,
      "error_rate": 0.0,
      "batch_size": 8,
      "throughput_ops_per_sec": 6030.0374315153285
    }
  }
}