{
  "label": "baseline",
  "timestamp_utc": "2026-02-20T00:36:40Z",
  "environment": {
    "platform": "macOS-26.3-arm64-arm-64bit",
    "python_version": "3.12.11",
    "processor": "arm",
    "loop_commit": "c532f23508ba9cea137bca2313027fa90431741e",
    "cwd": "/Users/rand/src/loop/rlm-core/python"
  },
  "config": {
    "startup_iters": 15,
    "exec_iters": 80,
    "submit_iters": 80,
    "batch_iters": 80,
    "batch_size": 8
  },
  "metrics": {
    "startup_latency_ms": {
      "count": 15,
      "min_ms": 93.42404199924204,
      "max_ms": 101.22791700268863,
      "mean_ms": 96.6455694004253,
      "p50_ms": 97.14570800133515,
      "p95_ms": 99.77209129974653
    },
    "execute_latency_no_submit_ms": {
      "count": 80,
      "min_ms": 0.04495800021686591,
      "max_ms": 0.2712499990593642,
      "mean_ms": 0.0746927248655993,
      "p50_ms": 0.05818750105390791,
      "p95_ms": 0.14193304759828604
    },
    "execute_latency_with_submit_ms": {
      "count": 80,
      "min_ms": 0.04641700070351362,
      "max_ms": 0.22562499725609086,
      "mean_ms": 0.06694526246064925,
      "p50_ms": 0.05516700002772268,
      "p95_ms": 0.11774375307140868
    },
    "batch": {
      "cycle_latency_ms": {
        "count": 80,
        "min_ms": 0.11416599954827689,
        "max_ms": 0.373333998140879,
        "mean_ms": 0.1670734627168713,
        "p50_ms": 0.14108349932939745,
        "p95_ms": 0.28392775311658625
      },
      "successful_cycles": 80,
      "total_cycles": 80,
      "error_count": 0,
      "error_rate": 0.0,
      "batch_size": 8,
      "throughput_ops_per_sec": 5985.390999494851
    }
  }
}