{
  "label": "candidate",
  "timestamp_utc": "2026-02-20T00:52:17Z",
  "environment": {
    "platform": "macOS-26.3-arm64-arm-64bit",
    "python_version": "3.12.11",
    "processor": "arm",
    "loop_commit": "9c0d303ad1deed04668f585178056e02ab4fb249",
    "cwd": "/Users/rand/src/loop/rlm-core/python"
  },
  "config": {
    "startup_iters": 15,
    "exec_iters": 80,
    "submit_iters": 80,
    "batch_iters": 80,
    "batch_size": 8
  },
  "metrics": {
    "startup_latency_ms": {
      "count": 15,
      "min_ms": 94.42920799847343,
      "max_ms": 122.35399999917718,
      "mean_ms": 98.72662786704798,
      "p50_ms": 97.71820899914019,
      "p95_ms": 109.03530370160296
    },
    "execute_latency_no_submit_ms": {
      "count": 80,
      "min_ms": 0.04562499816529453,
      "max_ms": 0.22333300148602575,
      "mean_ms": 0.07334994988923427,
      "p50_ms": 0.05931249870627653,
      "p95_ms": 0.13352884998312217
    },
    "execute_latency_with_submit_ms": {
      "count": 80,
      "min_ms": 0.04716700277640484,
      "max_ms": 0.20887500068056397,
      "mean_ms": 0.07300626225514861,
      "p50_ms": 0.05635399793391116,
      "p95_ms": 0.17190210164699238
    },
    "batch": {
      "cycle_latency_ms": {
        "count": 80,
        "min_ms": 0.12162500206613913,
        "max_ms": 0.4317090024414938,
        "mean_ms": 0.1539754751320288,
        "p50_ms": 0.1348744972347049,
        "p95_ms": 0.23854135197325374
      },
      "successful_cycles": 80,
      "total_cycles": 80,
      "error_count": 0,
      "error_rate": 0.0,
      "batch_size": 8,
      "throughput_ops_per_sec": 6494.54076464147
    }
  }
}