{
  "label": "baseline",
  "timestamp_utc": "2026-02-20T00:13:37Z",
  "environment": {
    "platform": "macOS-26.3-arm64-arm-64bit",
    "python_version": "3.12.11",
    "processor": "arm",
    "loop_commit": "2ded586bf032b7e079ac601caccdea8aa9fdb101",
    "cwd": "/Users/rand/src/loop/rlm-core/python"
  },
  "config": {
    "startup_iters": 15,
    "exec_iters": 80,
    "submit_iters": 80,
    "batch_iters": 80,
    "batch_size": 8
  },
  "metrics": {
    "startup_latency_ms": {
      "count": 15,
      "min_ms": 93.91366699856007,
      "max_ms": 136.12333300261525,
      "mean_ms": 102.54259713353046,
      "p50_ms": 97.05075000238139,
      "p95_ms": 134.95232120185392
    },
    "execute_latency_no_submit_ms": {
      "count": 80,
      "min_ms": 0.04512500163400546,
      "max_ms": 0.27104199762106873,
      "mean_ms": 0.06636562479798158,
      "p50_ms": 0.051333001465536654,
      "p95_ms": 0.13535450161725746
    },
    "execute_latency_with_submit_ms": {
      "count": 80,
      "min_ms": 0.04979199729859829,
      "max_ms": 0.2802499984682072,
      "mean_ms": 0.08536869954696158,
      "p50_ms": 0.07295799878193066,
      "p95_ms": 0.1725309497487615
    },
    "batch": {
      "cycle_latency_ms": {
        "count": 80,
        "min_ms": 0.11908300075447187,
        "max_ms": 0.41333300032420084,
        "mean_ms": 0.1746083375564922,
        "p50_ms": 0.14687499970023055,
        "p95_ms": 0.2740058976996806
      },
      "successful_cycles": 80,
      "total_cycles": 80,
      "error_count": 0,
      "error_rate": 0.0,
      "batch_size": 8,
      "throughput_ops_per_sec": 5727.103378877675
    }
  }
}